id_req,Site_ID_req,City_req,Country_req,Commercial_Model_req,currency_ISO_req,Main_Access_Provider_(last_mile_Provider)_ds,FCV_ds_conv,same_currency_as_B-End_ds,Commercial_Model_ds,Commercial_Model_pe,Main_Access_Provider_(last_mile_Provider)_pe,main_access_mrc_amt_quoted_by_pe,FCV_pe_conv,same_currency_as_B-End_pe,Commercial_model_changes,delta PE vs DS
0,ARG-01,Pilar,Argentina,B4B,USD,Telefonica Argentina (Mayorista),"11200,0",same currency as B-end,B4B,DIA,Inteliglobe,apis,"26352,0",same currency as B-end,PE changed,"135,28571428571428"
1,ARG-01,Pilar,Argentina,DIA,USD,Telecom Argentina,"25143,600000000002",same currency as B-end,DIA,DIA,Telecom Argentina,costbook,"17100,0",same currency as B-end,No changes,"-31,990645730921596"
2,ARG-02,Mar Del Plata,Argentina,B4B,USD,Telefonica Argentina (Mayorista),"11200,0",same currency as B-end,B4B,DIA,Inteliglobe,apis,"29412,0",same currency as B-end,PE changed,"162,60714285714286"
3,ARG-02,Mar Del Plata,Argentina,DIA,USD,Telecom Argentina,"25143,600000000002",same currency as B-end,DIA,DIA,Expereo International,apis,"18517,317362726",same currency as B-end,No changes,"-26,35375458277256"
4,ARG-06,Tucuman,Argentina,B4B,USD,Telecom Argentina,"28092,0",same currency as B-end,B4B,DIA,Inteliglobe,apis,"26352,0",same currency as B-end,PE changed,"-6,193934216146946"
5,ARG-06,Tucuman,Argentina,DIA,USD,Telecom Argentina,"28124,399999999998",same currency as B-end,DIA,DIA,Expereo International,apis,"18517,317362726",same currency as B-end,No changes,"-34,15924477419606"
6,BRA-01,Raposo,Brazil,MPLS,USD,Telefonica Brasil (VIVO Empresas/GVT),"7079,0",same currency as B-end,,,BRFIBRA (Compuline) Brazil,apis,"7722,7",same currency as B-end,Other service quoted (i.e. MPLS),"9,093092244667321"
7,BRA-02,Brasilia,Brazil,B4B,USD,Inteliglobe Communications Brazil,"7710,0",same currency as B-end,B4B,DIA,BRFIBRA (Compuline) Brazil,apis,"4473,7",same currency as B-end,PE changed,"-41,97535667963683"
8,BRA-02,Brasilia,Brazil,DIA,USD,Telefonica Brasil (VIVO Empresas/GVT),"8731,2",same currency as B-end,DIA,DIA,BRFIBRA (Compuline) Brazil,apis,"4473,7",same currency as B-end,No changes,"-48,76191130657871"
9,BRA-03,Gravatai,Brazil,B4B,USD,Inteliglobe Communications Brazil,"7710,0",same currency as B-end,B4B,DIA,BRFIBRA (Compuline) Brazil,apis,"4473,7",same currency as B-end,PE changed,"-41,97535667963683"
10,BRA-03,Gravatai,Brazil,DIA,USD,Telefonica Brasil (VIVO Empresas/GVT),"8731,2",same currency as B-end,DIA,DIA,BRFIBRA (Compuline) Brazil,apis,"4473,7",same currency as B-end,No changes,"-48,76191130657871"
11,BRA-04,Jaboatao,Brazil,B4B,USD,Inteliglobe Communications Brazil,"7710,0",same currency as B-end,B4B,DIA,BRFIBRA (Compuline) Brazil,apis,"4473,7",same currency as B-end,PE changed,"-41,97535667963683"
12,BRA-04,Jaboatao,Brazil,DIA,USD,Telefonica Brasil (VIVO Empresas/GVT),"8731,2",same currency as B-end,DIA,DIA,BRFIBRA (Compuline) Brazil,apis,"4473,7",same currency as B-end,No changes,"-48,76191130657871"
13,BRA-05,Mogi Das Cruzes,Brazil,B4B,USD,Inteliglobe Communications Brazil,"7710,0",same currency as B-end,B4B,B4B,BRFIBRA (Compuline) Brazil,regressor_costs,"4803,181945048001",same currency as B-end,No changes,"-37,7019202976913"
14,BRA-05,Mogi Das Cruzes,Brazil,DIA,USD,Telefonica Brasil (VIVO Empresas/GVT),"7251,599999999999",same currency as B-end,DIA,DIA,BRFIBRA (Compuline) Brazil,costbook,"5305,916305930001",same currency as B-end,No changes,"-26,83109512480003"
15,BRA-06,Rio De Janeiro,Brazil,B4B,USD,Inteliglobe Communications Brazil,"7710,0",same currency as B-end,B4B,DIA,BRFIBRA (Compuline) Brazil,apis,"4473,7",same currency as B-end,PE changed,"-41,97535667963683"
16,BRA-06,Rio De Janeiro,Brazil,DIA,USD,Telefonica Brasil (VIVO Empresas/GVT),"8238,0",same currency as B-end,DIA,DIA,BRFIBRA (Compuline) Brazil,apis,"4473,7",same currency as B-end,No changes,"-45,694343287205626"
17,BRA-07,Campo Grande,Brazil,B4B,USD,Inteliglobe Communications Brazil,"7710,0",same currency as B-end,B4B,B4B,BRFIBRA (Compuline) Brazil,regressor_costs,"5122,763670484001",same currency as B-end,No changes,"-33,55689143341115"
18,BRA-07,Campo Grande,Brazil,DIA,USD,Telefonica Brasil (VIVO Empresas/GVT),"8238,0",same currency as B-end,DIA,DIA,BRFIBRA (Compuline) Brazil,costbook,"5153,468815679",same currency as B-end,No changes,"-37,442718916253945"
19,BRA-08,Igarassu,Brazil,B4B,USD,Inteliglobe Communications Brazil,"7710,0",same currency as B-end,B4B,B4B,BRFIBRA (Compuline) Brazil,regressor_costs,"6029,35662124",same currency as B-end,No changes,"-21,798227999481192"
20,BRA-08,Igarassu,Brazil,DIA,USD,Telefonica Brasil (VIVO Empresas/GVT),"8731,2",same currency as B-end,DIA,DIA,BRFIBRA (Compuline) Brazil,costbook,"5153,468815679",same currency as B-end,No changes,"-40,976397108312725"
21,BRA-09,Inhauma,Brazil,B4B,USD,Inteliglobe Communications Brazil,"7710,0",same currency as B-end,B4B,DIA,BRFIBRA (Compuline) Brazil,apis,"4473,7",same currency as B-end,PE changed,"-41,97535667963683"
22,BRA-09,Inhauma,Brazil,DIA,USD,Telefonica Brasil (VIVO Empresas/GVT),"8731,2",same currency as B-end,DIA,DIA,BRFIBRA (Compuline) Brazil,apis,"4473,7",same currency as B-end,No changes,"-48,76191130657871"
23,BRA-10,Natal,Brazil,B4B,USD,Inteliglobe Communications Brazil,"7710,0",same currency as B-end,B4B,B4B,BRFIBRA (Compuline) Brazil,regressor_costs,"6372,035803936",same currency as B-end,No changes,"-17,35362122002594"
24,BRA-10,Natal,Brazil,DIA,USD,Telefonica Brasil (VIVO Empresas/GVT),"8238,0",same currency as B-end,DIA,DIA,BRFIBRA (Compuline) Brazil,costbook,"5305,916305930001",same currency as B-end,No changes,"-35,592178854940514"
25,BRA-11,Sao Goncalo,Brazil,B4B,USD,Inteliglobe Communications Brazil,"7710,0",same currency as B-end,B4B,B4B,BRFIBRA (Compuline) Brazil,regressor_costs,"7010,117880616",same currency as B-end,No changes,"-9,07758909706875"
26,BRA-11,Sao Goncalo,Brazil,DIA,USD,Telefonica Brasil (VIVO Empresas/GVT),"8731,2",same currency as B-end,DIA,DIA,BRFIBRA (Compuline) Brazil,costbook,"5153,468815679",same currency as B-end,No changes,"-40,976397108312725"
27,BRA-12,Sao Pedro Da Aldeia,Brazil,B4B,USD,Inteliglobe Communications Brazil,"7710,0",same currency as B-end,B4B,B4B,BRFIBRA (Compuline) Brazil,apis,"1912,1999998400001",same currency as B-end,No changes,"-75,19844358184176"
28,BRA-12,Sao Pedro Da Aldeia,Brazil,DIA,USD,Telefonica Brasil (VIVO Empresas/GVT),"8731,2",same currency as B-end,DIA,DIA,BRFIBRA (Compuline) Brazil,apis,"4473,7",same currency as B-end,No changes,"-48,76191130657871"
29,BRA-13,Sorocaba,Brazil,B4B,USD,Inteliglobe Communications Brazil,"7710,0",same currency as B-end,B4B,DIA,BRFIBRA (Compuline) Brazil,apis,"4473,7",same currency as B-end,PE changed,"-41,97535667963683"
30,BRA-13,Sorocaba,Brazil,DIA,USD,Telefonica Brasil (VIVO Empresas/GVT),"5772,0",same currency as B-end,DIA,DIA,BRFIBRA (Compuline) Brazil,apis,"4473,7",same currency as B-end,No changes,"-22,49306999306999"
31,BRA-14,Guarulhos,Brazil,B4B,USD,Inteliglobe Communications Brazil,"7710,0",same currency as B-end,B4B,B4B,BRFIBRA (Compuline) Brazil,apis,"1912,1999998400001",same currency as B-end,No changes,"-75,19844358184176"
32,BRA-14,Guarulhos,Brazil,DIA,USD,Telefonica Brasil (VIVO Empresas/GVT),"5772,0",same currency as B-end,DIA,DIA,BRFIBRA (Compuline) Brazil,apis,"4473,7",same currency as B-end,No changes,"-22,49306999306999"
33,BRA-15,Jacarepagua,Brazil,B4B,USD,Inteliglobe Communications Brazil,"7710,0",same currency as B-end,B4B,B4B,BRFIBRA (Compuline) Brazil,regressor_costs,"5875,951443652",same currency as B-end,No changes,"-23,7879190187808"
34,BRA-15,Jacarepagua,Brazil,DIA,USD,Telefonica Brasil (VIVO Empresas/GVT),"8731,2",same currency as B-end,DIA,DIA,BRFIBRA (Compuline) Brazil,costbook,"5305,916305930001",same currency as B-end,No changes,"-39,230388652991564"
35,BRA-16,Joao Pessoa,Brazil,B4B,USD,Inteliglobe Communications Brazil,"7710,0",same currency as B-end,B4B,B4B,BRFIBRA (Compuline) Brazil,regressor_costs,"4955,375605672",same currency as B-end,No changes,"-35,72794285769131"
36,BRA-16,Joao Pessoa,Brazil,DIA,USD,Telefonica Brasil (VIVO Empresas/GVT),"8731,2",same currency as B-end,DIA,DIA,BRFIBRA (Compuline) Brazil,costbook,"5153,468815679",same currency as B-end,No changes,"-40,976397108312725"
37,BRA-17,Valinhos,Brazil,B4B,USD,Inteliglobe Communications Brazil,"7710,0",same currency as B-end,B4B,B4B,BRFIBRA (Compuline) Brazil,regressor_costs,"6137,836005556001",same currency as B-end,No changes,"-20,391232093955892"
38,BRA-17,Valinhos,Brazil,DIA,USD,Telefonica Brasil (VIVO Empresas/GVT),"7251,599999999999",same currency as B-end,DIA,DIA,BRFIBRA (Compuline) Brazil,costbook,"5153,468815679",same currency as B-end,No changes,"-28,93335518121518"
39,BRA-18,Pavuna,Brazil,B4B,USD,Inteliglobe Communications Brazil,"7710,0",same currency as B-end,B4B,DIA,BRFIBRA (Compuline) Brazil,apis,"4473,7",same currency as B-end,PE changed,"-41,97535667963683"
40,BRA-18,Pavuna,Brazil,DIA,USD,Telefonica Brasil (VIVO Empresas/GVT),"8238,0",same currency as B-end,DIA,DIA,BRFIBRA (Compuline) Brazil,apis,"4473,7",same currency as B-end,No changes,"-45,694343287205626"
41,BRA-19,Osasco ,Brazil,B4B,USD,Inteliglobe Communications Brazil,"7710,0",same currency as B-end,B4B,DIA,BRFIBRA (Compuline) Brazil,apis,"4473,7",same currency as B-end,PE changed,"-41,97535667963683"
42,BRA-19,Osasco ,Brazil,DIA,USD,Telefonica Brasil (VIVO Empresas/GVT),"5772,0",same currency as B-end,DIA,DIA,BRFIBRA (Compuline) Brazil,apis,"4473,7",same currency as B-end,No changes,"-22,49306999306999"
43,BRA-20,Juiz De Fora ,Brazil,B4B,USD,Inteliglobe Communications Brazil,"7710,0",same currency as B-end,B4B,B4B,BRFIBRA (Compuline) Brazil,regressor_costs,"6029,35662124",same currency as B-end,No changes,"-21,798227999481192"
44,BRA-20,Juiz De Fora ,Brazil,DIA,USD,Telefonica Brasil (VIVO Empresas/GVT),"8731,2",same currency as B-end,DIA,DIA,BRFIBRA (Compuline) Brazil,costbook,"5153,468815679",same currency as B-end,No changes,"-40,976397108312725"
45,BRA-21,Jaguariuna,Brazil,B4B,USD,Inteliglobe Communications Brazil,"7710,0",same currency as B-end,B4B,B4B,BRFIBRA (Compuline) Brazil,regressor_costs,"5250,858657904001",same currency as B-end,No changes,"-31,895477848197128"
46,BRA-21,Jaguariuna,Brazil,DIA,USD,Telefonica Brasil (VIVO Empresas/GVT),"8731,2",same currency as B-end,DIA,DIA,BRFIBRA (Compuline) Brazil,costbook,"5153,468815679",same currency as B-end,No changes,"-40,976397108312725"
47,BRA-22,Pouso Alegre ,Brazil,B4B,USD,Inteliglobe Communications Brazil,"7710,0",same currency as B-end,B4B,B4B,BRFIBRA (Compuline) Brazil,apis,"1912,1999998400001",same currency as B-end,No changes,"-75,19844358184176"
48,BRA-22,Pouso Alegre ,Brazil,DIA,USD,Telefonica Brasil (VIVO Empresas/GVT),"8238,0",same currency as B-end,DIA,DIA,BRFIBRA (Compuline) Brazil,apis,"4473,7",same currency as B-end,No changes,"-45,694343287205626"
49,CHI-01,Antofagasta,Chile,B4B,USD,Inteliglobe,"10833,6",same currency as B-end,B4B,DIA,Inteliglobe,apis,"21060,0",same currency as B-end,PE changed,"94,39521488701817"
50,CHI-01,Antofagasta,Chile,DIA,USD,Telefonica Chile S.A.,"10368,0",same currency as B-end,DIA,DIA,Telefonica Chile S.A.,apis,"13001,0",same currency as B-end,No changes,"25,395447530864203"
51,CHI-02,Chillan,Chile,B4B,USD,Inteliglobe,"10833,6",same currency as B-end,B4B,B4B,Entel Chile SA,regressor_costs,"18603,093511101",same currency as B-end,No changes,"71,71663630834627"
52,CHI-02,Chillan,Chile,DIA,USD,Telefonica Chile S.A.,"10368,0",same currency as B-end,DIA,DIA,Telefonica Chile S.A.,apis,"8116,892608356",same currency as B-end,No changes,"-21,712069749652773"
53,CHI-03,El Pinar,Chile,B4B,USD,Inteliglobe,"10833,6",same currency as B-end,B4B,DIA,Inteliglobe,apis,"15948,0",same currency as B-end,PE changed,"47,208684093929996"
54,CHI-03,El Pinar,Chile,DIA,USD,Telefonica Chile S.A.,"9468,0",same currency as B-end,DIA,DIA,Telefonica Chile S.A.,apis,"13001,0",same currency as B-end,No changes,"37,315166877904524"
55,CHI-04,La Serena,Chile,B4B,USD,Inteliglobe,"10833,6",same currency as B-end,B4B,B4B,Entel Chile SA,regressor_costs,"17876,544177441",same currency as B-end,No changes,"65,01019215626383"
56,CHI-04,La Serena,Chile,DIA,USD,Telefonica Chile S.A.,"10368,0",same currency as B-end,DIA,DIA,Telefonica Chile S.A.,apis,"13001,0",same currency as B-end,No changes,"25,395447530864203"
57,CHI-05,Lo Espejo,Chile,B4B,USD,Inteliglobe,"10833,6",same currency as B-end,B4B,DIA,Inteliglobe,apis,"15948,0",same currency as B-end,PE changed,"47,208684093929996"
58,CHI-05,Lo Espejo,Chile,DIA,USD,Telefonica Chile S.A.,"9468,0",same currency as B-end,DIA,DIA,Telefonica Chile S.A.,apis,"13001,0",same currency as B-end,No changes,"37,315166877904524"
59,CHI-06,Los Angeles,Chile,B4B,USD,Inteliglobe,"10833,6",same currency as B-end,B4B,DIA,Inteliglobe,apis,"22068,0",same currency as B-end,PE changed,"103,69960124058485"
60,CHI-06,Los Angeles,Chile,DIA,USD,Telefonica Chile S.A.,"11340,0",same currency as B-end,DIA,DIA,Telefonica Chile S.A.,apis,"8116,892608356",same currency as B-end,No changes,"-28,422463771111104"
61,CHI-07,Melipilla,Chile,B4B,USD,Inteliglobe,"10833,6",same currency as B-end,B4B,B4B,Entel Chile SA,regressor_costs,"15453,840569781001",same currency as B-end,No changes,"42,647324709985604"
62,CHI-07,Melipilla,Chile,DIA,USD,Telefonica Chile S.A.,"8136,0",same currency as B-end,DIA,DIA,Entel Chile SA,costbook,"9090,919721376",same currency as B-end,No changes,"11,736968060176988"
63,CHI-08,Pto. Montt,Chile,B4B,USD,Inteliglobe,"10833,6",same currency as B-end,B4B,DIA,Inteliglobe,apis,"22068,0",same currency as B-end,PE changed,"103,69960124058485"
64,CHI-08,Pto. Montt,Chile,DIA,USD,Telefonica Chile S.A.,"10260,0",same currency as B-end,DIA,DIA,Telefonica Chile S.A.,apis,"8116,892608356",same currency as B-end,No changes,"-20,887986273333336"
65,CHI-09,Rancagua,Chile,B4B,USD,Inteliglobe,"10833,6",same currency as B-end,B4B,B4B,Entel Chile SA,regressor_costs,"13446,878391705",same currency as B-end,No changes,"24,12197599786774"
66,CHI-09,Rancagua,Chile,DIA,USD,Telefonica Chile S.A.,"10260,0",same currency as B-end,DIA,DIA,Entel Chile SA,costbook,"9090,919721376",same currency as B-end,No changes,"-11,394544625964908"
67,CHI-10,Temuco,Chile,B4B,USD,Inteliglobe,"10833,6",same currency as B-end,B4B,DIA,Inteliglobe,apis,"22068,0",same currency as B-end,PE changed,"103,69960124058485"
68,CHI-10,Temuco,Chile,DIA,USD,Telefonica Chile S.A.,"10260,0",same currency as B-end,DIA,DIA,Telefonica Chile S.A.,apis,"13001,0",same currency as B-end,No changes,"26,715399610136448"
69,CHI-11,Vi単a Del Mar,Chile,B4B,USD,Inteliglobe,"10833,6",same currency as B-end,B4B,B4B,Entel Chile SA,regressor_costs,"15453,840569781001",same currency as B-end,No changes,"42,647324709985604"
70,CHI-11,Vi単a Del Mar,Chile,DIA,USD,Telefonica Chile S.A.,"10260,0",same currency as B-end,DIA,DIA,Entel Chile SA,costbook,"9090,919721376",same currency as B-end,No changes,"-11,394544625964908"
71,COL-01,Bogota,Colombia,B4B,USD,Tigo (Orbitel),"5378,0",same currency as B-end,B4B,DIA,Inteliglobe,apis,"28080,0",same currency as B-end,PE changed,"422,1271848270733"
72,COL-01,Bogota,Colombia,DIA,USD,Tigo (Orbitel),"17496,0",same currency as B-end,DIA,DIA,Tigo (Orbitel),costbook,"22550,399999999998",same currency as B-end,No changes,"28,888888888888875"
73,COL-02,Tenjo,Colombia,B4B,USD,Tigo (Orbitel),"4442,0",same currency as B-end,B4B,B4B,Tigo (Orbitel),regressor_costs,"7221,483521384001",same currency as B-end,No changes,"62,572794267987405"
74,COL-02,Tenjo,Colombia,DIA,USD,Tigo (Orbitel),"8712,0",same currency as B-end,DIA,DIA,Tigo (Orbitel),costbook,"18777,28",same currency as B-end,No changes,"115,53351698806242"
75,COL-03,Tenjo,Colombia,B4B,USD,Tigo (Orbitel),"4442,0",same currency as B-end,B4B,B4B,Tigo (Orbitel),regressor_costs,"7221,483521384001",same currency as B-end,No changes,"62,572794267987405"
76,COL-03,Tenjo,Colombia,DIA,USD,Tigo (Orbitel),"8712,0",same currency as B-end,DIA,DIA,Tigo (Orbitel),costbook,"18777,28",same currency as B-end,No changes,"115,53351698806242"
77,COL-04,Medellin (Itag端i),Colombia,B4B,USD,Tigo (Orbitel),"2606,0",same currency as B-end,B4B,DIA,Inteliglobe,apis,"10080,0",same currency as B-end,PE changed,"286,79969301611663"
78,COL-04,Medellin (Itag端i),Colombia,DIA,USD,Tigo (Orbitel),"6192,0",same currency as B-end,DIA,DIA,Tigo (Orbitel),costbook,"6901,2",same currency as B-end,No changes,"11,453488372093013"
79,COL-05,(Yumbo),Colombia,B4B,USD,Tigo (Orbitel),"2606,0",same currency as B-end,B4B,B4B,Tigo (Orbitel),regressor_costs,"7991,218330844001",same currency as B-end,No changes,"206,64690448365315"
80,COL-05,(Yumbo),Colombia,DIA,USD,Tigo (Orbitel),"6192,0",same currency as B-end,DIA,DIA,Tigo (Orbitel),costbook,"6901,2",same currency as B-end,No changes,"11,453488372093013"
81,COL-06,Armenia,Colombia,B4B,USD,Tigo (Orbitel),"2606,0",same currency as B-end,B4B,DIA,Inteliglobe,apis,"10080,0",same currency as B-end,PE changed,"286,79969301611663"
82,COL-06,Armenia,Colombia,DIA,USD,Tigo (Orbitel),"6192,0",same currency as B-end,DIA,DIA,Inteliglobe,apis,"10080,0",same currency as B-end,No changes,"62,7906976744186"
83,COL-07,Barranquilla (Soledad),Colombia,B4B,USD,Tigo (Orbitel),"2606,0",same currency as B-end,B4B,DIA,Inteliglobe,apis,"10080,0",same currency as B-end,PE changed,"286,79969301611663"
84,COL-07,Barranquilla (Soledad),Colombia,DIA,USD,Tigo (Orbitel),"6192,0",same currency as B-end,DIA,DIA,Tigo (Orbitel),costbook,"6901,2",same currency as B-end,No changes,"11,453488372093013"
85,COL-08,Bogota,Colombia,B4B,USD,Tigo (Orbitel),"2606,0",same currency as B-end,B4B,DIA,Inteliglobe,apis,"10080,0",same currency as B-end,PE changed,"286,79969301611663"
86,COL-08,Bogota,Colombia,DIA,USD,Tigo (Orbitel),"6192,0",same currency as B-end,DIA,DIA,Tigo (Orbitel),costbook,"6901,2",same currency as B-end,No changes,"11,453488372093013"
87,COL-09,Bogota,Colombia,B4B,USD,Tigo (Orbitel),"2606,0",same currency as B-end,B4B,DIA,Inteliglobe,apis,"10080,0",same currency as B-end,PE changed,"286,79969301611663"
88,COL-09,Bogota,Colombia,DIA,USD,Tigo (Orbitel),"6192,0",same currency as B-end,DIA,DIA,Tigo (Orbitel),costbook,"6901,2",same currency as B-end,No changes,"11,453488372093013"
89,COL-10,Villavicencio,Colombia,B4B,USD,Tigo (Orbitel),"2606,0",same currency as B-end,B4B,DIA,Inteliglobe,apis,"10080,0",same currency as B-end,PE changed,"286,79969301611663"
90,COL-10,Villavicencio,Colombia,DIA,USD,Tigo (Orbitel),"6192,0",same currency as B-end,DIA,DIA,Inteliglobe,apis,"10080,0",same currency as B-end,No changes,"62,7906976744186"
91,COL-11,Duitama,Colombia,B4B,USD,Tigo (Orbitel),"2606,0",same currency as B-end,B4B,B4B,Tigo (Orbitel),regressor_costs,"6875,747963240001",same currency as B-end,No changes,"163,84297633307753"
92,COL-11,Duitama,Colombia,DIA,USD,Tigo (Orbitel),"6192,0",same currency as B-end,DIA,DIA,Tigo (Orbitel),costbook,"11908,48",same currency as B-end,No changes,"92,3204134366925"
93,COL-12,Ibague,Colombia,B4B,USD,Tigo (Orbitel),"2606,0",same currency as B-end,B4B,B4B,Tigo (Orbitel),regressor_costs,"5355,480964892001",same currency as B-end,No changes,"105,50579297359941"
94,COL-12,Ibague,Colombia,DIA,USD,Tigo (Orbitel),"6192,0",same currency as B-end,DIA,DIA,Tigo (Orbitel),costbook,"11908,48",same currency as B-end,No changes,"92,3204134366925"
95,COL-13,Bucaramanga,Colombia,B4B,USD,Tigo (Orbitel),"2606,0",same currency as B-end,B4B,DIA,Inteliglobe,apis,"10620,0",same currency as B-end,PE changed,"307,52110514198006"
96,COL-13,Bucaramanga,Colombia,DIA,USD,Tigo (Orbitel),"6192,0",same currency as B-end,DIA,DIA,Inteliglobe,apis,"10620,0",same currency as B-end,No changes,"71,51162790697674"
97,COL-14,Medellin,Colombia,B4B,USD,Tigo (Orbitel),"2606,0",same currency as B-end,B4B,B4B,Tigo (Orbitel),regressor_costs,"6875,747963240001",same currency as B-end,No changes,"163,84297633307753"
98,COL-14,Medellin,Colombia,DIA,USD,Tigo (Orbitel),"6192,0",same currency as B-end,DIA,DIA,Tigo (Orbitel),costbook,"11908,48",same currency as B-end,No changes,"92,3204134366925"
99,COL-15,Medellin,Colombia,B4B,USD,Tigo (Orbitel),"2606,0",same currency as B-end,B4B,DIA,Inteliglobe,apis,"10080,0",same currency as B-end,PE changed,"286,79969301611663"
100,COL-15,Medellin,Colombia,DIA,USD,Tigo (Orbitel),"6192,0",same currency as B-end,DIA,DIA,Tigo (Orbitel),costbook,"6901,2",same currency as B-end,No changes,"11,453488372093013"
101,COL-16,Pereira,Colombia,B4B,USD,Tigo (Orbitel),"2606,0",same currency as B-end,B4B,DIA,Inteliglobe,apis,"10080,0",same currency as B-end,PE changed,"286,79969301611663"
102,COL-16,Pereira,Colombia,DIA,USD,Tigo (Orbitel),"6192,0",same currency as B-end,DIA,DIA,Inteliglobe,apis,"10080,0",same currency as B-end,No changes,"62,7906976744186"
103,COL-17,Cali,Colombia,B4B,USD,Tigo (Orbitel),"2606,0",same currency as B-end,B4B,DIA,Inteliglobe,apis,"10080,0",same currency as B-end,PE changed,"286,79969301611663"
104,COL-17,Cali,Colombia,DIA,USD,Tigo (Orbitel),"6192,0",same currency as B-end,DIA,DIA,Tigo (Orbitel),costbook,"6901,2",same currency as B-end,No changes,"11,453488372093013"
105,COL-18,Cartagena,Colombia,B4B,USD,Tigo (Orbitel),"2606,0",same currency as B-end,B4B,B4B,Tigo (Orbitel),regressor_costs,"6755,577668528001",same currency as B-end,No changes,"159,23168336638528"
106,COL-18,Cartagena,Colombia,DIA,USD,Tigo (Orbitel),"6192,0",same currency as B-end,DIA,DIA,Tigo (Orbitel),costbook,"6901,2",same currency as B-end,No changes,"11,453488372093013"
107,COL-19,Monteria,Colombia,B4B,USD,Tigo (Orbitel),"2606,0",same currency as B-end,B4B,B4B,Tigo (Orbitel),regressor_costs,"6108,933595496001",same currency as B-end,No changes,"134,41801978112053"
108,COL-19,Monteria,Colombia,DIA,USD,Tigo (Orbitel),"6192,0",same currency as B-end,DIA,DIA,Tigo (Orbitel),costbook,"11908,48",same currency as B-end,No changes,"92,3204134366925"
109,COL-20,Cucuta,Colombia,B4B,USD,Tigo (Orbitel),"2606,0",same currency as B-end,B4B,DIA,Inteliglobe,apis,"10080,0",same currency as B-end,PE changed,"286,79969301611663"
110,COL-20,Cucuta,Colombia,DIA,USD,Tigo (Orbitel),"6192,0",same currency as B-end,DIA,DIA,Inteliglobe,apis,"10080,0",same currency as B-end,No changes,"62,7906976744186"
111,COL-21,Santa Marta,Colombia,B4B,USD,Tigo (Orbitel),"2606,0",same currency as B-end,B4B,B4B,Tigo (Orbitel),regressor_costs,"6308,939660072",same currency as B-end,No changes,"142,09284958066002"
112,COL-21,Santa Marta,Colombia,DIA,USD,Tigo (Orbitel),"6192,0",same currency as B-end,DIA,DIA,Tigo (Orbitel),costbook,"11908,48",same currency as B-end,No changes,"92,3204134366925"
113,COL-22,Barranquilla,Colombia,B4B,USD,Tigo (Orbitel),"2606,0",same currency as B-end,B4B,B4B,Tigo (Orbitel),regressor_costs,"6797,792102036",same currency as B-end,No changes,"160,8515772078281"
114,COL-22,Barranquilla,Colombia,DIA,USD,Tigo (Orbitel),"6192,0",same currency as B-end,DIA,DIA,Tigo (Orbitel),costbook,"6901,2",same currency as B-end,No changes,"11,453488372093013"
115,COL-23,Valledupar,Colombia,B4B,USD,Tigo (Orbitel),"2606,0",same currency as B-end,B4B,DIA,Inteliglobe,apis,"10620,0",same currency as B-end,PE changed,"307,52110514198006"
116,COL-23,Valledupar,Colombia,DIA,USD,Tigo (Orbitel),"6192,0",same currency as B-end,DIA,DIA,Inteliglobe,apis,"10620,0",same currency as B-end,No changes,"71,51162790697674"
117,COL-24,Manizales,Colombia,B4B,USD,Tigo (Orbitel),"2606,0",same currency as B-end,B4B,DIA,Inteliglobe,apis,"10080,0",same currency as B-end,PE changed,"286,79969301611663"
118,COL-24,Manizales,Colombia,DIA,USD,Tigo (Orbitel),"6192,0",same currency as B-end,DIA,DIA,Inteliglobe,apis,"10080,0",same currency as B-end,No changes,"62,7906976744186"
119,COL-25,Girardot,Colombia,B4B,USD,Tigo (Orbitel),"2606,0",same currency as B-end,B4B,B4B,Tigo (Orbitel),regressor_costs,"6875,747963240001",same currency as B-end,No changes,"163,84297633307753"
120,COL-25,Girardot,Colombia,DIA,USD,Tigo (Orbitel),"6192,0",same currency as B-end,DIA,DIA,Tigo (Orbitel),costbook,"11908,48",same currency as B-end,No changes,"92,3204134366925"
121,COL-26,Tulua,Colombia,B4B,USD,Tigo (Orbitel),"2606,0",same currency as B-end,B4B,B4B,Tigo (Orbitel),regressor_costs,"6174,786478136",same currency as B-end,No changes,"136,944991486416"
122,COL-26,Tulua,Colombia,DIA,USD,Tigo (Orbitel),"6192,0",same currency as B-end,DIA,DIA,Tigo (Orbitel),costbook,"11908,48",same currency as B-end,No changes,"92,3204134366925"
123,COL-27,Rionegro,Colombia,B4B,USD,Tigo (Orbitel),"2606,0",same currency as B-end,B4B,B4B,Tigo (Orbitel),regressor_costs,"7802,5514558",same currency as B-end,No changes,"199,40719323867998"
124,COL-27,Rionegro,Colombia,DIA,USD,Tigo (Orbitel),"6192,0",same currency as B-end,DIA,DIA,Tigo (Orbitel),costbook,"11908,48",same currency as B-end,No changes,"92,3204134366925"
125,COL-28,Palmira,Colombia,B4B,USD,Tigo (Orbitel),"2606,0",same currency as B-end,B4B,DIA,Inteliglobe,apis,"10080,0",same currency as B-end,PE changed,"286,79969301611663"
126,COL-28,Palmira,Colombia,DIA,USD,Tigo (Orbitel),"6192,0",same currency as B-end,DIA,DIA,Inteliglobe,apis,"10080,0",same currency as B-end,No changes,"62,7906976744186"
127,COL-29,Neiva,Colombia,B4B,USD,Tigo (Orbitel),"2606,0",same currency as B-end,B4B,DIA,Inteliglobe,apis,"12204,0",same currency as B-end,PE changed,"368,3039140445127"
128,COL-29,Neiva,Colombia,DIA,USD,Tigo (Orbitel),"6192,0",same currency as B-end,DIA,DIA,Tigo (Orbitel),costbook,"11908,48",same currency as B-end,No changes,"92,3204134366925"
129,COL-30,Barrancabermeja,Colombia,B4B,USD,Tigo (Orbitel),"2606,0",same currency as B-end,B4B,B4B,Tigo (Orbitel),regressor_costs,"6751,399687412",same currency as B-end,No changes,"159,0713617579432"
130,COL-30,Barrancabermeja,Colombia,DIA,USD,Tigo (Orbitel),"6192,0",same currency as B-end,DIA,DIA,Tigo (Orbitel),costbook,"11908,48",same currency as B-end,No changes,"92,3204134366925"
131,COL-31,Sincelejo,Colombia,B4B,USD,Tigo (Orbitel),"2606,0",same currency as B-end,B4B,B4B,Tigo (Orbitel),regressor_costs,"6440,91851192",same currency as B-end,No changes,"147,15727213814276"
132,COL-31,Sincelejo,Colombia,DIA,USD,Tigo (Orbitel),"6192,0",same currency as B-end,DIA,DIA,Tigo (Orbitel),costbook,"11908,48",same currency as B-end,No changes,"92,3204134366925"
133,COL-32,Pasto,Colombia,B4B,USD,Tigo (Orbitel),"2606,0",same currency as B-end,B4B,DIA,Inteliglobe,apis,"12204,0",same currency as B-end,PE changed,"368,3039140445127"
134,COL-32,Pasto,Colombia,DIA,USD,Tigo (Orbitel),"6192,0",same currency as B-end,DIA,DIA,Tigo (Orbitel),costbook,"11908,48",same currency as B-end,No changes,"92,3204134366925"
135,COL-33,Cali,Colombia,B4B,USD,Tigo (Orbitel),"2606,0",same currency as B-end,B4B,B4B,Tigo (Orbitel),regressor_costs,"7991,218330844001",same currency as B-end,No changes,"206,64690448365315"
136,COL-33,Cali,Colombia,DIA,USD,Tigo (Orbitel),"6192,0",same currency as B-end,DIA,DIA,Tigo (Orbitel),costbook,"6901,2",same currency as B-end,No changes,"11,453488372093013"
137,COL-34,Soacha,Colombia,B4B,USD,Tigo (Orbitel),"2606,0",same currency as B-end,B4B,DIA,Inteliglobe,apis,"10080,0",same currency as B-end,PE changed,"286,79969301611663"
138,COL-34,Soacha,Colombia,DIA,USD,Tigo (Orbitel),"6192,0",same currency as B-end,DIA,DIA,Tigo (Orbitel),costbook,"6901,2",same currency as B-end,No changes,"11,453488372093013"
139,CR-01,Valencia,Costa Rica,B4B,USD,Tigo (Navega),"2030,0",same currency as B-end,B4B,B4B,Inteliglobe,apis,"11124,0",same currency as B-end,No changes,"447,9802955665025"
140,CR-01,Valencia,Costa Rica,DIA,USD,Ufinet Guatemala,"17136,0",same currency as B-end,DIA,DIA,Ufinet Guatemala,costbook,"24480,0",same currency as B-end,No changes,"42,85714285714286"
141,CR-02,Costarica,Costa Rica,B4B,USD,Tigo (Navega),"2030,0",same currency as B-end,B4B,B4B,Inteliglobe,apis,"11124,0",same currency as B-end,No changes,"447,9802955665025"
142,CR-02,Costarica,Costa Rica,DIA,USD,Ufinet Guatemala,"17136,0",same currency as B-end,DIA,DIA,Ufinet Guatemala,costbook,"24480,0",same currency as B-end,No changes,"42,85714285714286"
143,CR-03,Cartago,Costa Rica,B4B,USD,Tigo (Navega),"1850,0",same currency as B-end,B4B,B4B,Ufinet Guatemala,regressor_costs,"32044,438106312",same currency as B-end,No changes,"1632,1317895303785"
144,CR-03,Cartago,Costa Rica,DIA,USD,Ufinet Guatemala,"9072,0",same currency as B-end,DIA,DIA,Ufinet Guatemala,costbook,"12960,0",same currency as B-end,No changes,"42,85714285714286"
145,CR-04,Liberia,Costa Rica,B4B,USD,Tigo (Navega),"1850,0",same currency as B-end,B4B,B4B,Ufinet Guatemala,regressor_costs,"32816,887932991995",same currency as B-end,No changes,"1673,8858342157832"
146,CR-04,Liberia,Costa Rica,DIA,USD,Ufinet Guatemala,"9072,0",same currency as B-end,DIA,DIA,Ufinet Guatemala,costbook,"12960,0",same currency as B-end,No changes,"42,85714285714286"
147,CR-05,Guapiles,Costa Rica,B4B,USD,Tigo (Navega),"1850,0",same currency as B-end,B4B,B4B,Ufinet Guatemala,regressor_costs,"38417,377155008006",same currency as B-end,No changes,"1976,614981351784"
148,CR-05,Guapiles,Costa Rica,DIA,USD,Ufinet Guatemala,"9072,0",same currency as B-end,DIA,DIA,Ufinet Guatemala,costbook,"12960,0",same currency as B-end,No changes,"42,85714285714286"
149,CR-06,Nicoya,Costa Rica,B4B,USD,Tigo (Navega),"1850,0",same currency as B-end,B4B,B4B,Ufinet Guatemala,regressor_costs,"38417,377155008006",same currency as B-end,No changes,"1976,614981351784"
150,CR-06,Nicoya,Costa Rica,DIA,USD,Ufinet Guatemala,"9072,0",same currency as B-end,DIA,DIA,Ufinet Guatemala,costbook,"12960,0",same currency as B-end,No changes,"42,85714285714286"
151,CR-07,Perez Zeledon,Costa Rica,B4B,USD,Tigo (Navega),"1850,0",same currency as B-end,B4B,B4B,Ufinet Guatemala,regressor_costs,"38417,377155008006",same currency as B-end,No changes,"1976,614981351784"
152,CR-07,Perez Zeledon,Costa Rica,DIA,USD,Ufinet Guatemala,"9072,0",same currency as B-end,DIA,DIA,Ufinet Guatemala,costbook,"12960,0",same currency as B-end,No changes,"42,85714285714286"
153,CR-08,Puntarenas,Costa Rica,B4B,USD,Tigo (Navega),"1850,0",same currency as B-end,B4B,B4B,Ufinet Guatemala,regressor_costs,"38417,377155008006",same currency as B-end,No changes,"1976,614981351784"
154,CR-08,Puntarenas,Costa Rica,DIA,USD,Ufinet Guatemala,"9072,0",same currency as B-end,DIA,DIA,Ufinet Guatemala,costbook,"12960,0",same currency as B-end,No changes,"42,85714285714286"
155,CR-09,San Antonio - Alajuela,Costa Rica,B4B,USD,Tigo (Navega),"1850,0",same currency as B-end,B4B,B4B,Inteliglobe,apis,"11124,0",same currency as B-end,No changes,"501,2972972972973"
156,CR-09,San Antonio - Alajuela,Costa Rica,DIA,USD,Ufinet Guatemala,"9072,0",same currency as B-end,DIA,DIA,Ufinet Guatemala,costbook,"12960,0",same currency as B-end,No changes,"42,85714285714286"
157,CR-10,San Carlos,Costa Rica,B4B,USD,Tigo (Navega),"1850,0",same currency as B-end,B4B,B4B,Ufinet Guatemala,regressor_costs,"38417,377155008006",same currency as B-end,No changes,"1976,614981351784"
158,CR-10,San Carlos,Costa Rica,DIA,USD,Ufinet Guatemala,"9072,0",same currency as B-end,DIA,DIA,Ufinet Guatemala,costbook,"12960,0",same currency as B-end,No changes,"42,85714285714286"
159,CR-11,Uruca,Costa Rica,B4B,USD,Tigo (Navega),"1850,0",same currency as B-end,B4B,B4B,Inteliglobe,apis,"11124,0",same currency as B-end,No changes,"501,2972972972973"
160,CR-11,Uruca,Costa Rica,DIA,USD,Ufinet Guatemala,"9072,0",same currency as B-end,DIA,DIA,Ufinet Guatemala,costbook,"12960,0",same currency as B-end,No changes,"42,85714285714286"
161,CR-12,Valencia - Santa Rosa,Costa Rica,B4B,USD,Tigo (Navega),"1850,0",same currency as B-end,B4B,B4B,Inteliglobe,apis,"11124,0",same currency as B-end,No changes,"501,2972972972973"
162,CR-12,Valencia - Santa Rosa,Costa Rica,DIA,USD,Ufinet Guatemala,"9072,0",same currency as B-end,DIA,DIA,Ufinet Guatemala,costbook,"12960,0",same currency as B-end,No changes,"42,85714285714286"
163,GUA-01,Mixco,Guatemala,B4B,USD,Tigo (Navega),"8870,0",same currency as B-end,B4B,B4B,Inteliglobe,apis,"10764,0",same currency as B-end,No changes,"21,352874859075534"
164,GUA-01,Mixco,Guatemala,DIA,USD,Ufinet Guatemala,"17136,0",same currency as B-end,DIA,DIA,Ufinet Guatemala,costbook,"19584,0",same currency as B-end,No changes,"14,28571428571428"
165,GUA-02,Chimaltenango,Guatemala,B4B,USD,Tigo (Navega),"5450,0",same currency as B-end,B4B,B4B,Inteliglobe,apis,"10440,0",same currency as B-end,No changes,"91,55963302752295"
166,GUA-02,Chimaltenango,Guatemala,DIA,USD,Ufinet Guatemala,"9072,0",same currency as B-end,DIA,DIA,Ufinet Guatemala,costbook,"10368,0",same currency as B-end,No changes,"14,28571428571428"
167,GUA-03,Atlantico,Guatemala,B4B,USD,Tigo (Navega),"5450,0",same currency as B-end,B4B,B4B,Inteliglobe,apis,"9756,0",same currency as B-end,No changes,"79,0091743119266"
168,GUA-03,Atlantico,Guatemala,DIA,USD,Ufinet Guatemala,"9072,0",same currency as B-end,DIA,DIA,Ufinet Guatemala,costbook,"10368,0",same currency as B-end,No changes,"14,28571428571428"
169,GUA-04,Coban,Guatemala,B4B,USD,Tigo (Navega),"5450,0",same currency as B-end,B4B,B4B,Ufinet Guatemala,regressor_costs,"5091,515201398",same currency as B-end,No changes,"-6,57770272664221"
170,GUA-04,Coban,Guatemala,DIA,USD,Ufinet Guatemala,"9072,0",same currency as B-end,DIA,DIA,Ufinet Guatemala,costbook,"10368,0",same currency as B-end,No changes,"14,28571428571428"
171,GUA-05,Chiquimula,Guatemala,B4B,USD,Tigo (Navega),"5450,0",same currency as B-end,B4B,B4B,Inteliglobe,apis,"10440,0",same currency as B-end,No changes,"91,55963302752295"
172,GUA-05,Chiquimula,Guatemala,DIA,USD,Ufinet Guatemala,"9072,0",same currency as B-end,DIA,DIA,Ufinet Guatemala,costbook,"10368,0",same currency as B-end,No changes,"14,28571428571428"
173,GUA-06,Coatepeque,Guatemala,B4B,USD,Tigo (Navega),"5450,0",same currency as B-end,B4B,B4B,Ufinet Guatemala,regressor_costs,"5091,515201398",same currency as B-end,No changes,"-6,57770272664221"
174,GUA-06,Coatepeque,Guatemala,DIA,USD,Ufinet Guatemala,"9072,0",same currency as B-end,DIA,DIA,Ufinet Guatemala,costbook,"10368,0",same currency as B-end,No changes,"14,28571428571428"
175,GUA-07,El Tejar,Guatemala,B4B,USD,Tigo (Navega),"5450,0",same currency as B-end,B4B,B4B,Inteliglobe,apis,"10440,0",same currency as B-end,No changes,"91,55963302752295"
176,GUA-07,El Tejar,Guatemala,DIA,USD,Ufinet Guatemala,"9072,0",same currency as B-end,DIA,DIA,Ufinet Guatemala,costbook,"10368,0",same currency as B-end,No changes,"14,28571428571428"
177,GUA-08,Quetzaltenango,Guatemala,B4B,USD,Tigo (Navega),"5450,0",same currency as B-end,B4B,B4B,Inteliglobe,apis,"10440,0",same currency as B-end,No changes,"91,55963302752295"
178,GUA-08,Quetzaltenango,Guatemala,DIA,USD,Ufinet Guatemala,"9072,0",same currency as B-end,DIA,DIA,Ufinet Guatemala,costbook,"10368,0",same currency as B-end,No changes,"14,28571428571428"
179,GUA-09,Escuintla,Guatemala,B4B,USD,Tigo (Navega),"5450,0",same currency as B-end,B4B,B4B,Ufinet Guatemala,regressor_costs,"5091,515201398",same currency as B-end,No changes,"-6,57770272664221"
180,GUA-09,Escuintla,Guatemala,DIA,USD,Ufinet Guatemala,"9072,0",same currency as B-end,DIA,DIA,Ufinet Guatemala,costbook,"10368,0",same currency as B-end,No changes,"14,28571428571428"
181,GUA-10,Huehuetenango,Guatemala,B4B,USD,Tigo (Navega),"5450,0",same currency as B-end,B4B,B4B,Inteliglobe,apis,"10440,0",same currency as B-end,No changes,"91,55963302752295"
182,GUA-10,Huehuetenango,Guatemala,DIA,USD,Ufinet Guatemala,"9072,0",same currency as B-end,DIA,DIA,Ufinet Guatemala,costbook,"10368,0",same currency as B-end,No changes,"14,28571428571428"
183,GUA-11,Jutiapa,Guatemala,B4B,USD,Tigo (Navega),"5450,0",same currency as B-end,B4B,B4B,Inteliglobe,apis,"10440,0",same currency as B-end,No changes,"91,55963302752295"
184,GUA-11,Jutiapa,Guatemala,DIA,USD,Ufinet Guatemala,"9072,0",same currency as B-end,DIA,DIA,Ufinet Guatemala,costbook,"10368,0",same currency as B-end,No changes,"14,28571428571428"
185,GUA-12,Mazatenango,Guatemala,B4B,USD,Tigo (Navega),"5450,0",same currency as B-end,B4B,B4B,Ufinet Guatemala,regressor_costs,"5091,515201398",same currency as B-end,No changes,"-6,57770272664221"
186,GUA-12,Mazatenango,Guatemala,DIA,USD,Ufinet Guatemala,"9072,0",same currency as B-end,DIA,DIA,Ufinet Guatemala,costbook,"10368,0",same currency as B-end,No changes,"14,28571428571428"
187,GUA-13,Morales,Guatemala,B4B,USD,Tigo (Navega),"5450,0",same currency as B-end,B4B,B4B,Ufinet Guatemala,regressor_costs,"5091,515201398",same currency as B-end,No changes,"-6,57770272664221"
188,GUA-13,Morales,Guatemala,DIA,USD,Ufinet Guatemala,"9072,0",same currency as B-end,DIA,DIA,Ufinet Guatemala,costbook,"10368,0",same currency as B-end,No changes,"14,28571428571428"
189,GUA-14,Peten,Guatemala,B4B,USD,Tigo (Navega),"5450,0",same currency as B-end,B4B,B4B,Ufinet Guatemala,regressor_costs,"5091,515201398",same currency as B-end,No changes,"-6,57770272664221"
190,GUA-14,Peten,Guatemala,DIA,USD,Ufinet Guatemala,"9072,0",same currency as B-end,DIA,DIA,Ufinet Guatemala,costbook,"10368,0",same currency as B-end,No changes,"14,28571428571428"
191,GUA-15,El Tejar,Guatemala,B4B,USD,Tigo (Navega),"8870,0",same currency as B-end,B4B,B4B,Inteliglobe,apis,"11448,0",same currency as B-end,No changes,"29,06426155580608"
192,GUA-15,El Tejar,Guatemala,DIA,USD,Ufinet Guatemala,"17136,0",same currency as B-end,DIA,DIA,Ufinet Guatemala,costbook,"19584,0",same currency as B-end,No changes,"14,28571428571428"
193,GUA-16,Quiche,Guatemala,B4B,USD,Tigo (Navega),"5450,0",same currency as B-end,B4B,B4B,Inteliglobe,apis,"10440,0",same currency as B-end,No changes,"91,55963302752295"
194,GUA-16,Quiche,Guatemala,DIA,USD,Ufinet Guatemala,"9072,0",same currency as B-end,DIA,DIA,Ufinet Guatemala,costbook,"10368,0",same currency as B-end,No changes,"14,28571428571428"
195,GUA-17,San Marcos,Guatemala,B4B,USD,Tigo (Navega),"5450,0",same currency as B-end,B4B,B4B,Ufinet Guatemala,regressor_costs,"4814,222276793999",same currency as B-end,No changes,"-11,665646297357812"
196,GUA-17,San Marcos,Guatemala,DIA,USD,Ufinet Guatemala,"9072,0",same currency as B-end,DIA,DIA,Ufinet Guatemala,costbook,"10368,0",same currency as B-end,No changes,"14,28571428571428"
197,GUA-18,Villa Nueva,Guatemala,B4B,USD,Tigo (Navega),"5450,0",same currency as B-end,B4B,B4B,Inteliglobe,apis,"10440,0",same currency as B-end,No changes,"91,55963302752295"
198,GUA-18,Villa Nueva,Guatemala,DIA,USD,Ufinet Guatemala,"9072,0",same currency as B-end,DIA,DIA,Ufinet Guatemala,costbook,"10368,0",same currency as B-end,No changes,"14,28571428571428"
199,HND-01,Lido,Honduras,B4B,USD,Tigo (Navega),"8870,0",same currency as B-end,B4B,B4B,Inteliglobe,apis,"10764,0",same currency as B-end,No changes,"21,352874859075534"
200,HND-01,Lido,Honduras,DIA,USD,Ufinet Guatemala,"17136,0",same currency as B-end,DIA,DIA,Ufinet Guatemala,apis,"24980,0",same currency as B-end,No changes,"45,77497665732959"
201,HND-02,Tegucigalpa,Honduras,B4B,USD,Tigo (Navega),"5450,0",same currency as B-end,B4B,B4B,Inteliglobe,apis,"9756,0",same currency as B-end,No changes,"79,0091743119266"
202,HND-02,Tegucigalpa,Honduras,DIA,USD,Ufinet Guatemala,"9072,0",same currency as B-end,DIA,DIA,Ufinet Guatemala,costbook,"10368,0",same currency as B-end,No changes,"14,28571428571428"
203,HND-03,El Olancho,Honduras,B4B,USD,Tigo (Navega),"5450,0",same currency as B-end,B4B,B4B,Ufinet Guatemala,regressor_costs,"4993,652464988",same currency as B-end,No changes,"-8,37334926627522"
204,HND-03,El Olancho,Honduras,DIA,USD,Ufinet Guatemala,"9072,0",same currency as B-end,DIA,DIA,Expereo International,apis,"21383,63430092",same currency as B-end,No changes,"135,71025463977074"
205,HND-04,Ceiba,Honduras,B4B,USD,Tigo (Navega),"5450,0",same currency as B-end,B4B,B4B,Ufinet Guatemala,regressor_costs,"4844,224415768",same currency as B-end,No changes,"-11,11514833453211"
206,HND-04,Ceiba,Honduras,DIA,USD,Ufinet Guatemala,"9072,0",same currency as B-end,DIA,DIA,Expereo International,apis,"21383,63430092",same currency as B-end,No changes,"135,71025463977074"
207,HND-05,Choluteca,Honduras,B4B,USD,Tigo (Navega),"5450,0",same currency as B-end,B4B,B4B,Ufinet Guatemala,regressor_costs,"4690,029237656",same currency as B-end,No changes,"-13,944417657688069"
208,HND-05,Choluteca,Honduras,DIA,USD,Ufinet Guatemala,"9072,0",same currency as B-end,DIA,DIA,Expereo International,apis,"21383,63430092",same currency as B-end,No changes,"135,71025463977074"
209,HND-06,Comayagua,Honduras,B4B,USD,Tigo (Navega),"5450,0",same currency as B-end,B4B,B4B,Ufinet Guatemala,regressor_costs,"4993,652464988",same currency as B-end,No changes,"-8,37334926627522"
210,HND-06,Comayagua,Honduras,DIA,USD,Ufinet Guatemala,"9072,0",same currency as B-end,DIA,DIA,Expereo International,apis,"21383,63430092",same currency as B-end,No changes,"135,71025463977074"
211,HND-07,San Pedro Sula,Honduras,B4B,USD,Tigo (Navega),"5450,0",same currency as B-end,B4B,B4B,Inteliglobe,apis,"9756,0",same currency as B-end,No changes,"79,0091743119266"
212,HND-07,San Pedro Sula,Honduras,DIA,USD,Ufinet Guatemala,"9072,0",same currency as B-end,DIA,DIA,Ufinet Guatemala,apis,"13460,0",same currency as B-end,No changes,"48,36860670194003"
213,HND-08,Santa Rosa De Copan,Honduras,B4B,USD,Tigo (Navega),"5450,0",same currency as B-end,B4B,B4B,Ufinet Guatemala,regressor_costs,"4993,652464988",same currency as B-end,No changes,"-8,37334926627522"
214,HND-08,Santa Rosa De Copan,Honduras,DIA,USD,Ufinet Guatemala,"9072,0",same currency as B-end,DIA,DIA,Expereo International,apis,"21383,63430092",same currency as B-end,No changes,"135,71025463977074"
215,HND-09,Danli,Honduras,B4B,USD,Tigo (Navega),"5450,0",same currency as B-end,B4B,B4B,Ufinet Guatemala,regressor_costs,"4993,652464988",same currency as B-end,No changes,"-8,37334926627522"
216,HND-09,Danli,Honduras,DIA,USD,Ufinet Guatemala,"9072,0",same currency as B-end,DIA,DIA,Expereo International,apis,"21383,63430092",same currency as B-end,No changes,"135,71025463977074"
217,HND-10,Siguatepeque,Honduras,B4B,USD,Tigo (Navega),"5450,0",same currency as B-end,B4B,B4B,Ufinet Guatemala,regressor_costs,"4993,652464988",same currency as B-end,No changes,"-8,37334926627522"
218,HND-10,Siguatepeque,Honduras,DIA,USD,Ufinet Guatemala,"9072,0",same currency as B-end,DIA,DIA,Expereo International,apis,"21383,63430092",same currency as B-end,No changes,"135,71025463977074"
219,HND-11,Tocoa,Honduras,B4B,USD,Tigo (Navega),"5450,0",same currency as B-end,B4B,B4B,Ufinet Guatemala,regressor_costs,"4993,652464988",same currency as B-end,No changes,"-8,37334926627522"
220,HND-11,Tocoa,Honduras,DIA,USD,Ufinet Guatemala,"9072,0",same currency as B-end,DIA,DIA,Expereo International,apis,"21383,63430092",same currency as B-end,No changes,"135,71025463977074"
221,NIC-01,Managua,Nicaragua,B4B,USD,Tigo (Navega),"6098,0",same currency as B-end,B4B,B4B,Ufinet Guatemala,regressor_costs,"7731,825853522",same currency as B-end,No changes,"26,792814915086915"
222,NIC-01,Managua,Nicaragua,DIA,USD,Ufinet Guatemala,"9072,0",same currency as B-end,DIA,DIA,Ufinet Guatemala,costbook,"10368,0",same currency as B-end,No changes,"14,28571428571428"
223,NIC-02,Esteli,Nicaragua,B4B,USD,Tigo (Navega),"6098,0",same currency as B-end,B4B,B4B,Ufinet Guatemala,regressor_costs,"6155,734590238",same currency as B-end,No changes,"0,9467791118071611"
224,NIC-02,Esteli,Nicaragua,DIA,USD,Ufinet Guatemala,"9072,0",same currency as B-end,DIA,DIA,Ufinet Guatemala,costbook,"10368,0",same currency as B-end,No changes,"14,28571428571428"
225,NIC-03,Leon,Nicaragua,B4B,USD,Tigo (Navega),"6098,0",same currency as B-end,B4B,B4B,Ufinet Guatemala,regressor_costs,"5801,042035498",same currency as B-end,No changes,"-4,869759995113155"
226,NIC-03,Leon,Nicaragua,DIA,USD,Ufinet Guatemala,"9072,0",same currency as B-end,DIA,DIA,Ufinet Guatemala,costbook,"10368,0",same currency as B-end,No changes,"14,28571428571428"
227,NIC-04,Chinandega,Nicaragua,B4B,USD,Tigo (Navega),"6098,0",same currency as B-end,B4B,B4B,Ufinet Guatemala,regressor_costs,"6155,734590238",same currency as B-end,No changes,"0,9467791118071611"
228,NIC-04,Chinandega,Nicaragua,DIA,USD,Ufinet Guatemala,"9072,0",same currency as B-end,DIA,DIA,Ufinet Guatemala,costbook,"10368,0",same currency as B-end,No changes,"14,28571428571428"
229,NIC-05,Granada,Nicaragua,B4B,USD,Tigo (Navega),"6098,0",same currency as B-end,B4B,B4B,Ufinet Guatemala,regressor_costs,"6155,734590238",same currency as B-end,No changes,"0,9467791118071611"
230,NIC-05,Granada,Nicaragua,DIA,USD,Ufinet Guatemala,"9072,0",same currency as B-end,DIA,DIA,Ufinet Guatemala,costbook,"10368,0",same currency as B-end,No changes,"14,28571428571428"
231,PAN-01,Carrasquilla,Panama,B4B,USD,Tigo (Navega),"1310,0",same currency as B-end,B4B,B4B,Inteliglobe,apis,"10260,0",same currency as B-end,No changes,"683,2061068702291"
232,PAN-01,Carrasquilla,Panama,DIA,USD,Ufinet Guatemala,"9072,0",same currency as B-end,DIA,DIA,Ufinet Guatemala,costbook,"10368,0",same currency as B-end,No changes,"14,28571428571428"
233,PAN-02,Aguadulce,Panama,B4B,USD,Tigo (Navega),"1310,0",same currency as B-end,B4B,B4B,Inteliglobe,apis,"11448,0",same currency as B-end,No changes,"773,8931297709923"
234,PAN-02,Aguadulce,Panama,DIA,USD,Ufinet Guatemala,"9072,0",same currency as B-end,DIA,DIA,Ufinet Guatemala,costbook,"10368,0",same currency as B-end,No changes,"14,28571428571428"
235,PAN-03,Tocumen,Panama,B4B,USD,Tigo (Navega),"1310,0",same currency as B-end,B4B,B4B,Inteliglobe,apis,"10260,0",same currency as B-end,No changes,"683,2061068702291"
236,PAN-03,Tocumen,Panama,DIA,USD,Ufinet Guatemala,"9072,0",same currency as B-end,DIA,DIA,Ufinet Guatemala,costbook,"10368,0",same currency as B-end,No changes,"14,28571428571428"
237,PER-01,Callao,Peru,B4B,USD,Fiberlux TECH SAC,"6620,0",same currency as B-end,B4B,B4B,Fiberlux TECH SAC,apis,"3740,0",same currency as B-end,No changes,"-43,50453172205439"
238,PER-01,Callao,Peru,DIA,USD,Entel Peru (Americatel Peru SA),"13032,0",same currency as B-end,DIA,DIA,Fiberlux TECH SAC,apis,"14900,0",same currency as B-end,No changes,"14,333947206875376"
239,PER-02,Huachipa,Peru,B4B,USD,Fiberlux TECH SAC,"3740,0",same currency as B-end,B4B,B4B,Inteliglobe,apis,"7848,0",same currency as B-end,No changes,"109,83957219251339"
240,PER-02,Huachipa,Peru,DIA,USD,Entel Peru (Americatel Peru SA),"7452,0",same currency as B-end,DIA,DIA,Fiberlux TECH SAC,costbook,"11732,0",same currency as B-end,No changes,"57,434245840042955"
241,SLV-01,Merliot,El Salvador,B4B,USD,Tigo (Navega),"3650,0",same currency as B-end,B4B,B4B,Ufinet Guatemala,regressor_costs,"3900,3733297624003",same currency as B-end,No changes,"6,859543281161651"
242,SLV-01,Merliot,El Salvador,DIA,USD,Ufinet Guatemala,"17136,0",same currency as B-end,DIA,DIA,Ufinet Guatemala,costbook,"19584,0",same currency as B-end,No changes,"14,28571428571428"
243,SLV-02,Merliot,El Salvador,B4B,USD,Tigo (Navega),"2750,0",same currency as B-end,B4B,B4B,Ufinet Guatemala,regressor_costs,"3633,5460833212",same currency as B-end,No changes,"32,12894848440728"
244,SLV-02,Merliot,El Salvador,DIA,USD,Ufinet Guatemala,"9072,0",same currency as B-end,DIA,DIA,Ufinet Guatemala,costbook,"10368,0",same currency as B-end,No changes,"14,28571428571428"
245,SLV-03,Centro,El Salvador,B4B,USD,Tigo (Navega),"2750,0",same currency as B-end,B4B,DIA,Inteliglobe,apis,"10080,0",same currency as B-end,PE changed,"266,54545454545456"
246,SLV-03,Centro,El Salvador,DIA,USD,Ufinet Guatemala,"9072,0",same currency as B-end,DIA,DIA,Ufinet Guatemala,costbook,"10368,0",same currency as B-end,No changes,"14,28571428571428"
247,SLV-04,San Miguel,El Salvador,B4B,USD,Tigo (Navega),"2750,0",same currency as B-end,B4B,B4B,Ufinet Guatemala,regressor_costs,"4449,672697845999",same currency as B-end,No changes,"61,80627992167269"
248,SLV-04,San Miguel,El Salvador,DIA,USD,Ufinet Guatemala,"9072,0",same currency as B-end,DIA,DIA,Ufinet Guatemala,costbook,"10368,0",same currency as B-end,No changes,"14,28571428571428"
249,SLV-05,Santa Ana,El Salvador,B4B,USD,Tigo (Navega),"2750,0",same currency as B-end,B4B,B4B,Ufinet Guatemala,regressor_costs,"3633,5460833212",same currency as B-end,No changes,"32,12894848440728"
250,SLV-05,Santa Ana,El Salvador,DIA,USD,Ufinet Guatemala,"9072,0",same currency as B-end,DIA,DIA,Ufinet Guatemala,costbook,"10368,0",same currency as B-end,No changes,"14,28571428571428"
251,SLV-06,Soyapango,El Salvador,B4B,USD,Tigo (Navega),"2750,0",same currency as B-end,B4B,DIA,Inteliglobe,apis,"10080,0",same currency as B-end,PE changed,"266,54545454545456"
252,SLV-06,Soyapango,El Salvador,DIA,USD,Ufinet Guatemala,"9072,0",same currency as B-end,DIA,DIA,Ufinet Guatemala,costbook,"10368,0",same currency as B-end,No changes,"14,28571428571428"
253,SLV-07,Apopa,El Salvador,B4B,USD,Tigo (Navega),"2750,0",same currency as B-end,B4B,B4B,Ufinet Guatemala,regressor_costs,"3633,5460833212",same currency as B-end,No changes,"32,12894848440728"
254,SLV-07,Apopa,El Salvador,DIA,USD,Ufinet Guatemala,"9072,0",same currency as B-end,DIA,DIA,Ufinet Guatemala,costbook,"10368,0",same currency as B-end,No changes,"14,28571428571428"
255,SLV-08,Chalate,El Salvador,B4B,USD,Tigo (Navega),"2750,0",same currency as B-end,B4B,B4B,Ufinet Guatemala,regressor_costs,"3633,5460833212",same currency as B-end,No changes,"32,12894848440728"
256,SLV-08,Chalate,El Salvador,DIA,USD,Ufinet Guatemala,"9072,0",same currency as B-end,DIA,DIA,Ufinet Guatemala,costbook,"10368,0",same currency as B-end,No changes,"14,28571428571428"
257,SLV-09,Bodega Merliot,El Salvador,B4B,USD,Tigo (Navega),"2750,0",same currency as B-end,B4B,DIA,Inteliglobe,apis,"10080,0",same currency as B-end,PE changed,"266,54545454545456"
258,SLV-09,Bodega Merliot,El Salvador,DIA,USD,Ufinet Guatemala,"9072,0",same currency as B-end,DIA,DIA,Ufinet Guatemala,costbook,"10368,0",same currency as B-end,No changes,"14,28571428571428"
259,SLV-10,Sonsonate ,El Salvador,B4B,USD,Tigo (Navega),"2750,0",same currency as B-end,B4B,B4B,Ufinet Guatemala,regressor_costs,"3633,5460833212",same currency as B-end,No changes,"32,12894848440728"
260,SLV-10,Sonsonate ,El Salvador,DIA,USD,Ufinet Guatemala,"9072,0",same currency as B-end,DIA,DIA,Ufinet Guatemala,costbook,"10368,0",same currency as B-end,No changes,"14,28571428571428"
261,SLV-11,Borgonovo,El Salvador,B4B,USD,Tigo (Navega),"2750,0",same currency as B-end,B4B,B4B,Ufinet Guatemala,regressor_costs,"3633,5460833212",same currency as B-end,No changes,"32,12894848440728"
262,SLV-11,Borgonovo,El Salvador,DIA,USD,Ufinet Guatemala,"9072,0",same currency as B-end,DIA,DIA,Ufinet Guatemala,costbook,"10368,0",same currency as B-end,No changes,"14,28571428571428"
263,VEN-01,Guarenas,Venezuela,B4B,USD,Other,"16200,0",same currency as B-end,B4B,B4B,Telefonica Venezuela (TELCEL),regressor_costs,"5481,530579728",same currency as B-end,No changes,"-66,1633914831605"
264,VEN-01,Guarenas,Venezuela,DIA,USD,Other,"68400,0",same currency as B-end,DIA,DIA,Telefonica Venezuela (TELCEL),costbook,"79724,1626",same currency as B-end,No changes,"16,55579327485379"
265,VEN-02,Carapa,Venezuela,B4B,USD,Gold Telecom,"0,0",same currency as B-end,B4B,B4B,Inteliglobe,apis,"10080,0",same currency as B-end,No changes,"0,0"
266,VEN-02,Carapa,Venezuela,DIA,USD,Gold Telecom,"48160,0",same currency as B-end,DIA,DIA,Telefonica Venezuela (TELCEL),costbook,"50561,138600000006",same currency as B-end,No changes,"4,985752906976759"
267,VEN-03,Macaracuay,Venezuela,B4B,USD,Other,"14400,0",same currency as B-end,B4B,DIA,Inteliglobe,apis,"14328,0",same currency as B-end,PE changed,"-0,5000000000000004"
268,VEN-03,Macaracuay,Venezuela,DIA,USD,Gold Telecom,"57520,0",same currency as B-end,DIA,DIA,Inteliglobe,apis,"66780,0",same currency as B-end,No changes,"16,09874826147426"
269,VEN-04,Maracay,Venezuela,B4B,USD,Other,"13320,0",same currency as B-end,B4B,DIA,Inteliglobe,apis,"16560,0",same currency as B-end,PE changed,"24,32432432432432"
270,VEN-04,Maracay,Venezuela,DIA,USD,Gold Telecom,"48160,0",same currency as B-end,DIA,DIA,Telefonica Venezuela (TELCEL),costbook,"50561,138600000006",same currency as B-end,No changes,"4,985752906976759"
271,VEN-05,Valencia Vzla,Venezuela,B4B,USD,Gold Telecom,"0,0",same currency as B-end,B4B,B4B,Inteliglobe,apis,"10080,0",same currency as B-end,No changes,"0,0"
272,VEN-05,Valencia Vzla,Venezuela,DIA,USD,Gold Telecom,"48160,0",same currency as B-end,DIA,DIA,Telefonica Venezuela (TELCEL),costbook,"50561,138600000006",same currency as B-end,No changes,"4,985752906976759"
273,VEN-06,Barcelona,Venezuela,B4B,USD,Other,"13320,0",same currency as B-end,B4B,DIA,Inteliglobe,apis,"16560,0",same currency as B-end,PE changed,"24,32432432432432"
274,VEN-06,Barcelona,Venezuela,DIA,USD,Gold Telecom,"48160,0",same currency as B-end,DIA,DIA,Telefonica Venezuela (TELCEL),costbook,"50561,138600000006",same currency as B-end,No changes,"4,985752906976759"
